CREATE TABLE CATEGORIA(
ID_CATEGORIA NUMBER PRIMARY KEY,
NOMBRE NVARCHAR2(20),
DESCRIPCION NVARCHAR2 (20)
);
INSERT INTO CATEGORIA
VALUES (1, 'ALIMENTOS', 'ENBUTIDO');
INSERT INTO CATEGORIA
VALUES(2, 'BEBIDA', 'REFRESCO');
INSERT INTO CATEGORIA
VALUES(3, 'ALIMENTO','ENLATADOS');
INSERT INTO CATEGORIA
VALUES(4, 'BEBIDA','ENERGIANTES');
INSERT INTO CATEGORIA
VALUES(5, 'ALIMENTO','REPOSTERIA');

--********************************************************

CREATE TABLE CLIENTES(
ID_CLIENTE NUMBER PRIMARY KEY,
NOMBRE NVARCHAR2(20),
DIRECCION NVARCHAR2(20),
TELEFONO NUMBER(10)
);
INSERT INTO CLIENTES
VALUES(1, 'ROLANDO','ALDAMA', 5632178905);
INSERT INTO CLIENTES
VALUES(2, 'HELLEN','JUAREZ', 5632175465);
INSERT INTO CLIENTES
VALUES(3, 'AMISADAI','REFORMA', 5632789905);
INSERT INTO CLIENTES
VALUES(4, 'ISAAC','CUAHUTEMOC', 9872178905);
INSERT INTO CLIENTES
VALUES(5, 'EMERSON','CU', 5632178123);

--********************************************************
CREATE TABLE PRODUCTOS(
ID_PRODUCTO NUMBER PRIMARY KEY,
NOMBRE NVARCHAR2(20),
PRECIO NUMBER (5),
CANTIDAD NVARCHAR2(20),
ID_CATEGORIA NUMBER(5)
);
ALTER TABLE PRODUCTOS ADD CONSTRAINT FK_PRODUCTO_ID_CATEGORIA
FOREIGN KEY(ID_CATEGORIA) -- INDICA LA LLAVE FORANEA
REFERENCES CATEGORIA(ID_CATEGORIA);-- INDICA EN NOMBRE DE LA QUE PROVIENE LA REFERENCIA

INSERT INTO PRODUCTOS
VALUES(1, 'JAMON', 25, '500 MG' ,1  );
INSERT INTO PRODUCTOS
VALUES(2, 'COCACOLA', 30, '500 ML' ,2 );
INSERT INTO PRODUCTOS
VALUES(3, 'SARDINA', 20, '250 MG' ,3 );
INSERT INTO PRODUCTOS
VALUES(4, 'VIVE100', 30, '500 ML' , 4);
INSERT INTO PRODUCTOS
VALUES(5, 'PASTEL', 200, '3 PISOS' ,5);

--********************************************************

CREATE TABLE DETALLE(
ID_DETALLE NUMBER PRIMARY KEY,
ID_PRODUCTO NUMBER (5),
CANTIDAD NUMBER(5),
TOTAL NUMBER(5)
);
ALTER TABLE DETALLE ADD CONSTRAINT FK_DETALLE_ID_PRODUCTO
FOREIGN KEY(ID_PRODUCTO) -- INDICA LA LLAVE FORANEA
REFERENCES PRODUCTOS(ID_PRODUCTO);-- INDICA EN NOMBRE DE LA QUE PROVIENE LA REFERENCIA

INSERT INTO DETALLE
VALUES (1, 1, 3, 200);
INSERT INTO DETALLE
VALUES (2, 2, 3, 400);
INSERT INTO DETALLE
VALUES (3, 3, 3, 150);
INSERT INTO DETALLE
VALUES (4, 4, 3, 60);
INSERT INTO DETALLE
VALUES (5, 5, 3, 80);

--********************************************************

CREATE TABLE FACTURA(
ID_FACTURA NUMBER PRIMARY KEY,
ID_CLIENTE NUMBER,
FECHA DATE
);
ALTER TABLE CLIENTES ADD CONSTRAINT FK_FACTURA_ID_CLIENTE
FOREIGN KEY(ID_CLIENTE) -- INDICA LA LLAVE FORANEA
REFERENCES CLIENTES(ID_CLIENTE);-- INDICA EN NOMBRE DE LA QUE PROVIENE LA REFERENCIA

INSERT INTO FACTURA
VALUES (1, 1, TO_DATE('2022-12-06', 'YYYY-MM-DD' ));
INSERT INTO FACTURA
VALUES (2, 2, TO_DATE('2022-05-09', 'YYYY-MM-DD' ));
INSERT INTO FACTURA
VALUES (3, 3, TO_DATE('2022-10-01', 'YYYY-MM-DD' ));
INSERT INTO FACTURA
VALUES (4, 4, TO_DATE('2022-09-03', 'YYYY-MM-DD' ));
INSERT INTO FACTURA
VALUES (5, 5, TO_DATE('2022-07-10', 'YYYY-MM-DD' ));



SELECT * FROM CATEGORIA;
SELECT * FROM CLIENTES;
SELECT * FROM PRODUCTOS;
SELECT * FROM DETALLE;
SELECT * FROM FACTURA;



